url,type
https://google.com,benign
https://www.google.com,benign
https://www.google.com/search?q=weather,benign
https://google.com/maps,benign
https://microsoft.com,benign
https://www.microsoft.com,benign
https://microsoft.com/en-us/windows,benign
https://apple.com,benign
https://www.apple.com/iphone,benign
https://amazon.com,benign
https://www.amazon.com/dp/B09XYZ,benign
https://github.com,benign
https://github.com/tensorflow/tensorflow,benign
https://stackoverflow.com/questions/tagged/python,benign
https://wikipedia.org,benign
https://www.wikipedia.org/wiki/Machine_learning,benign
https://youtube.com,benign
https://www.youtube.com/watch?v=dQw4w9WgXcQ,benign
https://www.bbc.com/news/technology,benign
https://linkedin.com/in/example,benign
https://www.reddit.com/r/MachineLearning,benign
https://docs.python.org/3/library/os.html,benign
https://arxiv.org/abs/2301.00001,benign
https://paypal.com,benign
https://www.paypal.com/myaccount,benign
https://ebay.com,benign
https://www.ebay.com/sch/i.html?_nkw=laptop,benign
https://www.bol.com/nl/nl/,benign
https://outlook.live.com/mail/0/,benign
https://mail.google.com/mail/u/0/,benign
https://dropbox.com,benign
http://www.example.com,benign
http://example.org/page,benign
http://bbc.co.uk/news,benign
http://reddit.com/r/technology,benign
https://belastingdienst.nl,benign
https://www.belastingdienst.nl/wps/wcm/connect/nl/home,benign
https://ing.nl,benign
https://www.rabobank.nl/particulieren,benign
https://www.overheid.nl/,benign
https://www.netflix.com/browse,benign
https://spotify.com,benign
https://www.spotify.com/nl/account/overview/,benign
https://zoom.us/j/123456789,benign
https://teams.microsoft.com/l/channel/abc,benign
https://www.adobe.com/products/photoshop.html,benign
https://www.apple.com/shop/buy-iphone,benign
https://support.google.com/mail/answer/1074170,benign
https://en.wikipedia.org/wiki/Phishing,benign
https://www.amazon.co.uk/gp/cart/view.html,benign
http://paypal-login-secure.com/verify/account?user=john,phishing
http://192.168.1.1/admin/update-password.php,phishing
http://free-iphone-winner.ru/claim?id=12345&session=abc,phishing
http://bit.ly/3xK9mZ,phishing
http://update-your-bankdetails-now.net/login,phishing
http://amazon-account-alert.xyz/confirm?token=99999,phishing
http://secure-login.paypal.com.phishing.ru/signin,phishing
http://verify-your-identity.suspicious-domain.com/login?user=admin,phishing
http://ebay-account-suspended.info/reactivate,phishing
http://urgent-security-alert.net/update-credentials,phishing
https://paypa1-secure.com/login/verify,phishing
https://arnazon-account-update.net/signin?redirect=billing,phishing
https://mlcrosoft-support.com/verify-account,phishing
https://g00gle-security-alert.tk/verify?email=you@gmail.com,phishing
https://netfl1x-billing-update.xyz/payment,phishing
https://ing-bank-secure-login.com/klant/inloggen,phishing
https://rabobank-beveiliging-update.net/inloggen,phishing
https://belastingdienst-teruggave.com/aanvragen?bsn=123456,phishing
https://apple-id-locked.support/unlock?device=iphone,phishing
https://dhl-pakket-betalen.info/track?id=JD014600123456,phishing
http://5.188.62.140/wp-login.php,phishing
http://185.220.101.45/login/microsoft/signin.php,phishing
https://password-reset.account-verify-now.com/reset?token=abc&email=victim,phishing
https://login-secure.paypal-account-update.com/myaccount/security,phishing
https://microsoftonline.com.fake-login.net/oauth2/authorize,phishing
https://account-suspended-verify.amazon-security.xyz/,phishing
https://bankofamerica-secure-message.com/alerts/login,phishing
https://chase-bank-update.net/secure/login?redirect=account,phishing
https://credential-update.outlook-support.tk/email/verify,phishing
https://ing.nl.account-update.phishingsite.ru/login,phishing
https://www.rabobank-inloggen.tk/particulieren/login,phishing
http://tinyurl.com/phishinglink,phishing
https://free-gift-claim.win/prize?session=xkcd&user=victim123,phishing
https://verify-identity.bank-security-check.com/confirm,phishing
http://login-portal.microsoft-helpdesk.xyz/signin,phishing
https://appleid.apple.com.security-check.ru/id/signin,phishing
http://secure-ebay-accountalert.com/signin/?UsingSSL=1,phishing
https://support-account.paypal-update.info/webscr?cmd=login,phishing
https://amazon.com.account-login-verify.net/gp/signin,phishing
http://account-verify.google-security-center.xyz/signin/challenge,phishing
https://government-refund-portal.net/claim?ref=TAX2024&amount=280,phishing
https://dhl.com.parcel-fee-pending.xyz/pay?id=NL123456789,phishing
http://win-prize-now.info/free-iphone15?id=winner&session=98765,phishing
https://abnamro.nl.inloggen-secure.tk/mijn/bankieren,phishing
https://telenet-factuur-betalen.xyz/mijn-telenet/inloggen,phishing
https://corona-premie-aanvragen.net/formulier?bsn=1234&iban=NL,phishing
http://login.microsoftonline.com.verify-device.ru/common/oauth2,phishing
https://secure-document-access.sharepoint-online.xyz/view?id=abc,phishing
https://fedex-pakket-ophalen.info/customs-fee?tracking=1234567890,phishing
http://tinyurl.com/phish123,phishing
https://bit.ly/scam456,phishing
http://ow.ly/fakepage,phishing
https://is.gd/malicious,phishing
http://t.co/phishing99,phishing
